{
  "project_info": {
    "project_number": "499269900230",
    "project_id": "card-centering-79372",
    "storage_bucket": "card-centering-79372.firebasestorage.app"
  },
  "client": [
    {
      "client_info": {
        "mobilesdk_app_id": "1:499269900230:android:d88a20e2d7e3e61e8a04c7",
        "android_client_info": {
          "package_name": "com.center.grade"
        }
      },
      "oauth_client": [
        {
          "client_id": "499269900230-4ruvr80ubtmffjvmmfe4daeat6bvp8ct.apps.googleusercontent.com",
          "client_type": 1,
          "android_info": {
            "package_name": "com.center.grade",
            "certificate_hash": "023b216f56fe737459659bd0714bd522a62f8fee"
          }
        },
        {
          "client_id": "499269900230-qakjkdar7entn922iov1tj91tmjd2l4d.apps.googleusercontent.com",
          "client_type": 1,
          "android_info": {
            "package_name": "com.center.grade",
            "certificate_hash": "b85467fce1d42535a200bf6a0a5cd9beb6101293"
          }
        },
        {
          "client_id": "499269900230-8ltikjj78advfk5fvvnit7uhg8337kt5.apps.googleusercontent.com",
          "client_type": 3
        }
      ],
      "api_key": [
        {
          "current_key": "AIzaSyDxVR9NdTa5JWry4ov4SPjr5L8UqJRBfBY"
        }
      ],
      "services": {
        "appinvite_service": {
          "other_platform_oauth_client": [
            {
              "client_id": "499269900230-8ltikjj78advfk5fvvnit7uhg8337kt5.apps.googleusercontent.com",
              "client_type": 3
            },
            {
              "client_id": "499269900230-e844guoo3mcm3qgev222toj4j7tksrlh.apps.googleusercontent.com",
              "client_type": 2,
              "ios_info": {
                "bundle_id": "com.example.cardCentering"
              }
            }
          ]
        }
      }
    }
  ],
  "configuration_version": "1"
}